LLM_Level_Final,count,pct
2,1045,56.0021436227224
3,516,27.652733118971064
1,305,16.345123258306536
