meta_domain_v2,count,pct
real-world,1496,80.17148981779206
instructional-media,345,18.488745980707396
virtual-world,25,1.339764201500536
