meta_counting_type,count,pct
object,1017,45.81081081081081
event,667,30.045045045045043
action,536,24.144144144144146
