meta_counting_type,count,pct
object,820,43.944265809217576
action,539,28.885316184351556
event,507,27.170418006430868
