LLM_Level_Final,count,pct
2,1177,53.01801801801802
3,698,31.44144144144144
1,345,15.54054054054054
