meta_domain_v2,count,pct
real-world,1620,72.97297297297297
instructional-media,554,24.954954954954957
virtual-world,46,2.0720720720720722
