meta_content_style,count,pct
other,2030,91.44144144144144
recorded_course_or_ppt,135,6.081081081081082
game_livestream,33,1.4864864864864866
UNKNOWN,22,0.990990990990991
