meta_content_style,count,pct
other,1695,90.83601286173634
recorded_course_or_ppt,109,5.841371918542337
game_livestream,31,1.6613076098606645
UNKNOWN,31,1.6613076098606645
